grupo,rótulo,valor,variação,referência,fonte,URL da fonte,data da consulta
preparacao,"Planos publicados na semana, pela data do ato",0,,,Diários oficiais municipais e sítios das prefeituras (via MARÉ),,
preparacao,Estados que mudaram de faixa no MARÉ Legal ou no MARÉ Saúde,0,,,"MARÉ, sobre os documentos lidos em cada estado",,
preparacao,de 27 capitais com plano localizado,6,,,Diários oficiais municipais e sítios das prefeituras (via MARÉ),,
emergencias,Municípios que decretaram emergência ou calamidade na semana,0,,últimos 7 dias,"Defesa Civil nacional, no Diário Oficial da União",,desde 29/06/2026
emergencias,Pessoas que vivem nos municípios que decretaram na semana,23078217,,últimos 7 dias,"Censo 2022, do IBGE",,desde 29/06/2026
emergencias,Municípios que tiveram a emergência reconhecida pelo governo federal na semana,0,,últimos 7 dias,"Defesa Civil nacional, no Diário Oficial da União",,desde 29/06/2026
risco_agora,Municípios sob alerta do Cemaden,42,,09/10/2026 22:13,Cemaden,https://www.gov.br/cemaden/pt-br,09/10/2026 22:13
risco_agora,Municípios sob aviso do Inmet,3916,,09/10/2026 22:13,Inmet,https://portal.inmet.gov.br/,09/10/2026 22:13
risco_agora,Municípios com decreto de emergência e alerta ao mesmo tempo,704,,09/10/2026 22:13,MARÉ (cruzamento das duas consultas),,09/10/2026 22:13
risco_agora,Focos de calor detectados nas últimas 24 horas,57608,,,Programa Queimadas (INPE),https://terrabrasilis.dpi.inpe.br/queimadas/portal/,09/10/2026
risco_agora,"A maior diferença de temperatura máxima em relação ao normal, em grau Celsius",6.5,,09/10/2026,Inmet (previsão para as capitais e normal de 1991 a 2020),,09/10/2026
risco_agora,Capitais com o ar na faixa ruim ou acima dela,17,,leitura mais recente,"Copernicus (CAMS), via Open-Meteo",,leitura mais recente
dinheiro,"Em recursos oriundos das medidas federais do El Niño, desembolsados no mês de setembro de 2026",150887172.93,,mês de setembro de 2026,Portal da Transparência,,
dinheiro,Autorizados pela defesa civil federal nos últimos 7 dias,0,,últimos 7 dias,"Defesa Civil nacional, no Diário Oficial da União",,
dinheiro,Atos federais de financiamento publicados nos últimos 7 dias,,,últimos 7 dias,atos federais lidos pelo MARÉ,,
saude,Casos prováveis de dengue na semana epidemiológica 33,8146,,2026-33,Ministério da Saúde (Sinan),,2026-33
saude,Internações por síndrome respiratória grave na semana epidemiológica 35,4267,,2026-35,Ministério da Saúde (SIVEP-Gripe),,2026-35
saude,Estados com dengue em nível de alerta,3,,nível atual,InfoDengue (Fiocruz e FGV),,nível atual
