uf,estado,status,natureza_doc,documento,data,orgao,url
AC,Acre,ELAB,ex-ante,"Plano de contingência estadual em oito eixos (20/05/2026) e Plano de Enfrentamento às Secas 2026 (22 municípios) — nomeados, sem ato com número/data localizado",06/2026,Defesa Civil AC,
AL,Alagoas,ELAB,ex-ante,"Plano de ação integrado do Comitê El Niño — em elaboração (missão principal do comitê, segundo o decreto)",08/2026,Defesa Civil AL,
AM,Amazonas,NOVO,ex-ante,"Estado de Emergência Climática e Ambiental preventivo (Decreto nº 54.274, DOE 01/06/2026) + Operação Amazonas+Verde",01/06/2026,Defesa Civil AM,https://legisla.imprensaoficial.am.gov.br/diario_am/41534/2026/6/19165
AP,Amapá,VIG,ex-ante,"Plano de Prevenção e Controle do Desmatamento, Queimadas e Incêndios Florestais (PPCDAP, vigência atualizada 2026-2030) + Comitê Interinstitucional de Prevenção e Combate à Estiagem e Incêndios Florestais (Decreto nº 5.677/2024)",Recorrente,Defesa Civil AP,https://www.portal.ap.gov.br/noticia/2404/governo-do-amapa-institui-novo-plano-de-prevencao-e-controle-do-desmatamento-queimadas-e-incendios-florestais
BA,Bahia,ELAB,ex-ante,Plano de enfrentamento em estruturação,08/2026,Superint. Defesa Civil BA,
CE,Ceará,VIG,ex-ante,Monitoramento + Comitê de Segurança Hídrica,Recorrente,FUNCEME/Cogerh,https://www.srh.ce.gov.br/comite-integrado-de-seguranca-hidrica-lista-demandas-de-abastecimento-do-ceara-ao-midr/
DF,Distrito Federal,VIG,ex-ante,"Estado de Emergência Ambiental preventivo recorrente (Decreto nº 48.599/2026, DODF 15/05/2026) — ativa o PPCIF (Decreto nº 37.549/2016) contra incêndios florestais",Recorrente,Defesa Civil DF,https://www.sinj.df.gov.br/sinj/Diario/c1684a96-a84a-3ea4-8a50-f50e08588e94/visualizar-pdf%2010.pdf
ES,Espírito Santo,VIG,ex-ante,Plano de verão/chuvas (ciclo anual),Recorrente,Defesa Civil ES,https://defesacivil.es.gov.br/GrupodeArquivos/pepdec-plano-estadual-de-protecao-e-defesa-civil-do-espirito-santo
GO,Goiás,NOVO,ex-ante,PLANCON Estiagem 2026 + Gabinete de Ações Integradas,18/08/2026,Defesa Civil Estadual/CBMGO,
MA,Maranhão,READ,ex-ante,Maranhão Sem Queimadas (7ª edição),26/05/2026,Sema-MA/CBMMA,https://cbm.ssp.ma.gov.br/2026/05/26/corpo-de-bombeiros-alinha-diretrizes-para-operacao-maranhao-sem-queimadas/
MG,Minas Gerais,VIG,ex-ante,Plano de verão/chuvas (ciclo anual),Recorrente,Defesa Civil MG,https://www.mg.gov.br/defesacivil/noticias/governo-de-minas-lanca-plano-estadual-de-enfrentamento-ao-periodo-chuvoso
MS,Mato Grosso do Sul,READ,ex-ante,"Decreto de emergência ambiental PREVENTIVO (DOE 03/06/2026, base alerta Cemtec) — ex-ante pelo objeto; CICOE",03/06/2026,Semadesc/Defesa Civil MS,https://www.semadesc.ms.gov.br/wp-content/uploads/2026/06/Decreto-Emergencia-Ambiental-2026.pdf
MT,Mato Grosso,NOVO,ex-ante,Plano de Combate a Incêndios 2º sem. 2026 (Decreto 2.015/2026),25/05/2026,Sema-MT/CBMMT,https://www.sema.mt.gov.br/site/phocadownload/CEGF/DECRETO%20N%202.015%202026.pdf
PA,Pará,READ,ex-ante,"Alerta Climático e Ambiental preventivo (Decreto Estadual nº 5.606/2026, DOE 25/08/2026)",25/08/2026,Defesa Civil Nac./estadual,https://ioepa.com.br/pages/2026/2026.08.25.DOE.pdf
PB,Paraíba,LAC,nenhum,Nenhum plano estadual nominal localizado,—,Defesa Civil PB,
PE,Pernambuco,ELAB,ex-ante,Plano Estadual de Adaptação e Resiliência Climática de Pernambuco (PEAR-PE) — em elaboração,Em elaboração (lançado 12/05/2025),Governo PE/APAC,
PI,Piauí,VIG,ex-ante,Antecipação de ações (PAA/PAS/Garantia-Safra),2026,Governo PI,
PR,Paraná,NOVO,ex-ante,Notas Técnicas Conjuntas El Niño/Oscilação Sul-ENOS 2026-2027 (Defesa Civil PR / SIMEPAR) — série mensal em curso; nº 05/2026 de 14/08/2026,14/08/2026,Defesa Civil PR/SIMEPAR,https://www.defesacivil.pr.gov.br/Pagina/NOTAS-TECNICA-CONJUNTA-EL-NINO-OSCILACAO-SUL-ENOS-2026
RJ,Rio de Janeiro,VIG,ex-ante,Plano de verão/chuvas (ciclo anual),Recorrente,Defesa Civil RJ,https://defesacivil.rj.gov.br/images/2025/PLACON-2025-2026---DEFESA-CIVIL.pdf
RN,Rio Grande do Norte,LAC,nenhum,Nenhum plano estadual nominal localizado,—,Defesa Civil RN,
RO,Rondônia,READ,ex-ante,CEPCIF / POTIF-RO (Decreto 28.811/2024),2024–2026,CEPCIF/CBMRO,https://rondonia.ro.gov.br/wp-content/uploads/2024/09/SEI_0041416310_Decreto_N__28.811_-1.pdf
RR,Roraima,VIG,ex-ante,Operação Verão Sem Fogo (ciclo nov–abr),Recorrente,CBMRR/Defesa Civil,https://portal.rr.gov.br/governo-de-roraima-lanca-operacao-verao-sem-fogo-para-ciclo-2025-2026/
RS,Rio Grande do Sul,READ,ex-ante,Prepara RS (Plano Rio Grande),17/06/2026,Defesa Civil RS,https://defesacivil.rs.gov.br/upload/arquivos/202606/18093624-decreto-n-58-838-de-17-de-junho-de-2026.pdf
SC,Santa Catarina,NOVO,ex-ante,Plano de Contingência El Niño SC 2026 (único estadual integrado),20/08/2026,Sec. Proteção e Defesa Civil SC,
SE,Sergipe,NOVO,ex-ante,"Comitê Estadual de Gestão de Eventos Climáticos Extremos (Cegec) — Plano de Contingência Estadual, programa ""Sergipe Resiliente: El Niño 2026/2027""",04/08/2026,Defesa Civil SE,
SP,São Paulo,VIG,ex-ante,Plano de verão/chuvas (ciclo anual),Recorrente,Defesa Civil SP,https://www.defesacivil.sp.gov.br/sec_defesa_civil/noticias/operacao_chuvas_2526
TO,Tocantins,READ,ex-ante,Plano Integrado de Prevenção e Combate a Incêndios 2025/2026,2026,Semarh/Naturatins/CBMTO,
