uf,estado,mare_total,faixa,componente_instrumento_operacional,componente_estrutura_coordenacao,componente_cobertura_populacional,status_estadual,degrau_instrumento,indicador_dias_apos_boletim_1,data_primeiro_ato
AC,Acre,35.1,em construção,20.0,65.0,20.4,ELAB,ELAB,,06/2026
AL,Alagoas,44.2,em construção,20.0,100.0,12.7,ELAB,ELAB,,08/2026
AM,Amazonas,76.9,avançado,100.0,65.0,65.6,NOVO,NOVO,-28,01/06/2026
AP,Amapá,13.0,estágio inicial,30.0,0.0,9.0,VIG,VIG,,Recorrente
BA,Bahia,9.3,estágio inicial,20.0,0.0,7.9,ELAB,ELAB,,08/2026
CE,Ceará,11.3,estágio inicial,30.0,0.0,4.0,VIG,VIG,,Recorrente
DF,Distrito Federal,66.7,consolidado,55.0,65.0,80.0,VIG,VIG_ATUALIZADO,,Recorrente
ES,Espírito Santo,57.5,consolidado,30.0,45.0,97.5,VIG,VIG,,Recorrente
GO,Goiás,69.2,consolidado,100.0,100.0,7.5,NOVO,NOVO,50,18/08/2026
MA,Maranhão,39.9,em construção,70.0,45.0,4.7,READ,READ,-34,26/05/2026
MG,Minas Gerais,18.0,estágio inicial,0.0,45.0,9.1,VIG,VIG_NAO_COBRE,,Recorrente
MS,Mato Grosso do Sul,46.5,em construção,70.0,65.0,4.5,READ,READ,-26,03/06/2026
MT,Mato Grosso,67.3,consolidado,100.0,100.0,1.8,NOVO,NOVO,-35,25/05/2026
PA,Pará,47.3,em construção,70.0,65.0,6.8,READ,READ,57,25/08/2026
PB,Paraíba,1.7,estágio inicial,0.0,0.0,5.1,LAC,LAC,,—
PE,Pernambuco,16.8,estágio inicial,20.0,0.0,30.3,ELAB,ELAB,,Em elaboração (lançado 12/05/2025)
PI,Piauí,18.8,estágio inicial,55.0,0.0,1.5,VIG,VIG_ATUALIZADO,,2026
PR,Paraná,63.3,consolidado,100.0,65.0,24.8,NOVO,NOVO,46,14/08/2026
RJ,Rio de Janeiro,47.1,em construção,30.0,45.0,66.2,VIG,VIG,,Recorrente
RN,Rio Grande do Norte,1.1,estágio inicial,0.0,0.0,3.2,LAC,LAC,,—
RO,Rondônia,51.3,consolidado,70.0,45.0,39.0,READ,READ,,2024–2026
RR,Roraima,26.5,em construção,30.0,45.0,4.4,VIG,VIG,,Recorrente
RS,Rio Grande do Sul,54.6,consolidado,70.0,65.0,28.7,READ,READ,-12,17/06/2026
SC,Santa Catarina,72.5,avançado,100.0,100.0,17.5,NOVO,NOVO,52,20/08/2026
SE,Sergipe,71.5,avançado,100.0,100.0,14.5,NOVO,NOVO,36,04/08/2026
SP,São Paulo,35.3,em construção,30.0,45.0,31.0,VIG,VIG,,Recorrente
TO,Tocantins,39.1,em construção,70.0,45.0,2.2,READ,READ,,2026
