ibge,uf,regiao,municipio,populacao,porte,marcadores,controle,nivel_verificacao,instrumento_localizado,natureza,decreto_reconhecido
1200104,AC,Norte,Brasiléia,26000,pequeno_II,geo_hidrologico,False,nacional,decreto,resposta,True
1200203,AC,Norte,Cruzeiro do Sul,91888,medio,geo_hidrologico,False,nacional,decreto,resposta,True
1200252,AC,Norte,Epitaciolândia,18757,pequeno_I,geo_hidrologico,False,nacional,decreto,resposta,True
1200302,AC,Norte,Feijó,35426,pequeno_II,geo_hidrologico,False,nacional,decreto,resposta,True
1200328,AC,Norte,Jordão,9222,pequeno_I,geo_hidrologico,False,nacional,decreto,resposta,True
1200336,AC,Norte,Mâncio Lima,19300,pequeno_I,geo_hidrologico,False,nacional,decreto,resposta,True
1200351,AC,Norte,Marechal Thaumaturgo,17093,pequeno_I,geo_hidrologico,False,nacional,decreto,resposta,True
1200393,AC,Norte,Porto Walter,10735,pequeno_I,,True,nacional,decreto,resposta,True
1200427,AC,Norte,Rodrigues Alves,14938,pequeno_I,geo_hidrologico,False,nacional,decreto,resposta,True
1200609,AC,Norte,Tarauacá,43464,pequeno_II,geo_hidrologico,False,nacional,decreto,resposta,True
1200708,AC,Norte,Xapuri,18243,pequeno_I,geo_hidrologico,False,nacional,decreto,resposta,True
1200807,AC,Norte,Porto Acre,16693,pequeno_I,geo_hidrologico,False,nacional,decreto,resposta,True
2700300,AL,Nordeste,Arapiraca,234696,grande,,True,nacional,nao_verificado,,
2701902,AL,Nordeste,Chã Preta,5910,pequeno_I,,True,nacional,,,
2703759,AL,Nordeste,Jequiá da Praia,9470,pequeno_I,geo_hidrologico,False,nacional,,,
2704005,AL,Nordeste,Junqueiro,23907,pequeno_II,,True,nacional,,,
2704104,AL,Nordeste,Lagoa da Canoa,18457,pequeno_I,,True,nacional,,,
2705606,AL,Nordeste,Novo Lino,10024,pequeno_I,geo_hidrologico,False,nacional,,,
2706505,AL,Nordeste,Passo de Camaragibe,13804,pequeno_I,geo_hidrologico,False,nacional,,,
2707305,AL,Nordeste,Porto Calvo,24071,pequeno_II,geo_hidrologico,False,nacional,,,
2707404,AL,Nordeste,Porto de Pedras,9295,pequeno_I,,True,nacional,,,
2707602,AL,Nordeste,Quebrangulo,11080,pequeno_I,geo_hidrologico,False,nacional,,,
2708501,AL,Nordeste,São Luís do Quitunde,30873,pequeno_II,geo_hidrologico,False,nacional,,,
2709301,AL,Nordeste,União dos Palmares,59280,medio,geo_hidrologico,False,nacional,,,
1300060,AM,Norte,Amaturá,10819,pequeno_I,geo_hidrologico,False,nacional,,,
1300144,AM,Norte,Apuí,20647,pequeno_II,geo_hidrologico,False,nacional,,,
1301803,AM,Norte,Ipixuna,24311,pequeno_II,geo_hidrologico,False,nacional,,,
1301852,AM,Norte,Iranduba,60993,medio,geo_hidrologico,False,nacional,,,
1301902,AM,Norte,Itacoatiara,103598,grande,geo_hidrologico,False,nacional,,,
1303007,AM,Norte,Nhamundá,20135,pequeno_II,geo_hidrologico,False,nacional,,,
1303536,AM,Norte,Presidente Figueiredo,30668,pequeno_II,geo_hidrologico,False,nacional,,,
1303601,AM,Norte,Santa Isabel do Rio Negro,14164,pequeno_I,,True,nacional,decreto,resposta,
1303700,AM,Norte,Santo Antônio do Içá,28211,pequeno_II,geo_hidrologico,False,nacional,,,True
1303809,AM,Norte,São Gabriel da Cachoeira,51795,medio,geo_hidrologico,False,nacional,,,
1304237,AM,Norte,Tonantins,19247,pequeno_I,geo_hidrologico,False,nacional,,,
1304260,AM,Norte,Uarini,14431,pequeno_I,geo_hidrologico,False,nacional,,,True
1600055,AP,Norte,Serra do Navio,4673,pequeno_I,geo_hidrologico,False,nacional,,,
1600154,AP,Norte,Pedra Branca do Amapari,12847,pequeno_I,geo_hidrologico,False,nacional,,,
1600204,AP,Norte,Calçoene,10612,pequeno_I,geo_hidrologico,False,nacional,,,
1600212,AP,Norte,Cutias,4461,pequeno_I,geo_hidrologico,False,nacional,,,
1600238,AP,Norte,Ferreira Gomes,6666,pequeno_I,geo_hidrologico,False,nacional,,,
1600253,AP,Norte,Itaubal,5599,pequeno_I,,True,nacional,,,
1600402,AP,Norte,Mazagão,21918,pequeno_II,,True,nacional,nao_el_nino,,
1600501,AP,Norte,Oiapoque,27482,pequeno_II,geo_hidrologico,False,nacional,nao_el_nino,,
1600550,AP,Norte,Pracuúba,3803,pequeno_I,geo_hidrologico,False,nacional,,,
1600600,AP,Norte,Santana,107373,grande,geo_hidrologico,False,nacional,nao_el_nino,,
1600709,AP,Norte,Tartarugalzinho,12945,pequeno_I,geo_hidrologico,False,nacional,,,
1600808,AP,Norte,Vitória do Jari,11291,pequeno_I,geo_hidrologico,False,nacional,,,
2902658,BA,Nordeste,Banzaê,11958,pequeno_I,,True,nacional,,,
2904605,BA,Nordeste,Brumado,70512,medio,,True,nacional,,,
2905156,BA,Nordeste,Caetanos,11266,pequeno_I,,True,nacional,,,
2909703,BA,Nordeste,Cristópolis,13993,pequeno_I,,True,nacional,,,
2910859,BA,Nordeste,Filadélfia,17897,pequeno_I,geo_hidrologico,False,nacional,,,
2911303,BA,Nordeste,Gentio do Ouro,10884,pequeno_I,,True,nacional,,,
2913804,BA,Nordeste,Ipecaetá,13709,pequeno_I,,True,nacional,,,
2914901,BA,Nordeste,Itacaré,27725,pequeno_II,geo_hidrologico,False,nacional,,,
2918001,BA,Nordeste,Jequié,158812,grande,geo_hidrologico,False,nacional,,,
2918357,BA,Nordeste,João Dourado,24854,pequeno_II,geo_hidrologico,False,nacional,,,
2926103,BA,Nordeste,Retirolândia,13651,pequeno_I,,True,nacional,,,True
2927705,BA,Nordeste,Santa Cruz Cabrália,29185,pequeno_II,geo_hidrologico,False,nacional,,,
2300507,CE,Nordeste,Alcântaras,11369,pequeno_I,,True,nacional,,,
2300754,CE,Nordeste,Amontada,42156,pequeno_II,geo_hidrologico,False,nacional,,,
2300804,CE,Nordeste,Antonina do Norte,7245,pequeno_I,,True,nacional,,,
2301000,CE,Nordeste,Aquiraz,80243,medio,geo_hidrologico,False,nacional,,,
2301406,CE,Nordeste,Aratuba,11224,pequeno_I,,True,nacional,,,
2304954,CE,Nordeste,Guaiúba,24217,pequeno_II,,True,nacional,,,
2305605,CE,Nordeste,Independência,24024,pequeno_II,,True,nacional,,,
2306405,CE,Nordeste,Itapipoca,131123,grande,geo_hidrologico,False,nacional,,,
2309706,CE,Nordeste,Pacatuba,81238,medio,geo_hidrologico,False,nacional,,,
2309904,CE,Nordeste,Pacujá,6175,pequeno_I,geo_hidrologico,False,nacional,,,
2311603,CE,Nordeste,Redenção,27214,pequeno_II,geo_hidrologico,False,nacional,,,
2312809,CE,Nordeste,Senador Sá,7262,pequeno_I,,True,nacional,,,
5300108,DF,Centro-Oeste,Brasília,2817068,metropole,geo_hidrologico,False,nacional,coberto_estadual,ex_ante,
3201308,ES,Sudeste,Cariacica,353510,grande,geo_hidrologico,False,nacional,plano,ex_ante,
3201605,ES,Sudeste,Conceição da Barra,27458,pequeno_II,geo_hidrologico,False,nacional,plano,ex_ante,
3202207,ES,Sudeste,Fundão,18014,pequeno_I,geo_hidrologico,False,nacional,plano,ex_ante,
3202603,ES,Sudeste,Iconha,12326,pequeno_I,geo_hidrologico,False,nacional,plano,ex_ante,
3203007,ES,Sudeste,Iúna,28590,pequeno_II,geo_hidrologico,False,nacional,plano,ex_ante,
3203056,ES,Sudeste,Jaguaré,28931,pequeno_II,geo_hidrologico,False,nacional,plano,ex_ante,
3203346,ES,Sudeste,Marechal Floriano,17641,pequeno_I,geo_hidrologico,False,nacional,plano,ex_ante,
3203700,ES,Sudeste,Muniz Freire,18153,pequeno_I,geo_hidrologico,False,nacional,plano,ex_ante,
3204005,ES,Sudeste,Pancas,18893,pequeno_I,geo_hidrologico,False,nacional,plano,ex_ante,
3204104,ES,Sudeste,Pinheiros,23915,pequeno_II,,True,nacional,plano,ex_ante,
3204807,ES,Sudeste,São José do Calçado,10878,pequeno_I,geo_hidrologico,False,nacional,plano,ex_ante,
3205101,ES,Sudeste,Viana,73423,medio,geo_hidrologico,False,nacional,plano,ex_ante,
5200308,GO,Centro-Oeste,Alexânia,27008,pequeno_II,geo_hidrologico,False,nacional,,,
5200605,GO,Centro-Oeste,Alto Paraíso de Goiás,10298,pequeno_I,,True,nacional,,,
5200803,GO,Centro-Oeste,Alvorada do Norte,8446,pequeno_I,geo_hidrologico,False,nacional,,,
5207352,GO,Centro-Oeste,Edealina,4001,pequeno_I,,True,nacional,,,
5210000,GO,Centro-Oeste,Inhumas,52204,medio,,True,nacional,,,
5210406,GO,Centro-Oeste,Itaberaí,44734,pequeno_II,,True,nacional,,,
5210604,GO,Centro-Oeste,Itaguaru,4904,pequeno_I,,True,nacional,,,
5210802,GO,Centro-Oeste,Itajá,4380,pequeno_I,,True,nacional,,,
5212501,GO,Centro-Oeste,Luziânia,208725,grande,geo_hidrologico,False,nacional,,,
5218052,GO,Centro-Oeste,Porteirão,4070,pequeno_I,,True,nacional,,,
5219902,GO,Centro-Oeste,São Francisco de Goiás,6378,pequeno_I,,True,nacional,,,
5222054,GO,Centro-Oeste,Vicentinópolis,8768,pequeno_I,,True,nacional,,,
2101202,MA,Nordeste,Bacabal,103711,grande,geo_hidrologico,False,nacional,,,
2102309,MA,Nordeste,Buriti Bravo,22455,pequeno_II,geo_hidrologico,False,nacional,,,
2105948,MA,Nordeste,Lago dos Rodrigues,8758,pequeno_I,geo_hidrologico,False,nacional,,,
2107209,MA,Nordeste,Nina Rodrigues,14060,pequeno_I,geo_hidrologico,False,nacional,,,
2107308,MA,Nordeste,Nova Iorque,4320,pequeno_I,,True,nacional,,,
2107902,MA,Nordeste,Passagem Franca,17220,pequeno_I,,True,nacional,,,
2108306,MA,Nordeste,Penalva,32511,pequeno_II,geo_hidrologico,False,nacional,,,
2109809,MA,Nordeste,Santa Helena,41561,pequeno_II,geo_hidrologico,False,nacional,,,
2109908,MA,Nordeste,Santa Inês,85014,medio,,True,nacional,,,
2110039,MA,Nordeste,Santa Luzia do Paruá,24307,pequeno_II,,True,nacional,,,
2111052,MA,Nordeste,São João do Paraíso,9904,pequeno_I,geo_hidrologico,False,nacional,,,
2111706,MA,Nordeste,São Vicente Ferrer,19498,pequeno_I,,True,nacional,,,
3102050,MG,Sudeste,Alto Caparaó,5795,pequeno_I,geo_hidrologico,False,nacional,,,
3114105,MG,Sudeste,Carmo de Minas,13797,pequeno_I,geo_hidrologico,False,nacional,,,
3118403,MG,Sudeste,Conselheiro Pena,20824,pequeno_II,geo_hidrologico,False,nacional,,,
3126950,MG,Sudeste,Frei Lagonegro,3391,pequeno_I,,True,nacional,,,
3132800,MG,Sudeste,Itambé do Mato Dentro,2142,pequeno_I,,True,nacional,,,
3135308,MG,Sudeste,Japaraíba,4508,pequeno_I,,True,nacional,,,
3136900,MG,Sudeste,Juruaia,11084,pequeno_I,,True,nacional,,,
3143906,MG,Sudeste,Muriaé,104108,grande,geo_hidrologico,False,nacional,,,
3149309,MG,Sudeste,Pedro Leopoldo,62580,medio,geo_hidrologico,False,nacional,,,
3152204,MG,Sudeste,Porteirinha,37438,pequeno_II,,True,nacional,,,
3159902,MG,Sudeste,Santo Antônio do Amparo,17285,pequeno_I,,True,nacional,,,
3165107,MG,Sudeste,São Tomás de Aquino,6740,pequeno_I,,True,nacional,,,
5002001,MS,Centro-Oeste,Batayporã,10712,pequeno_I,geo_hidrologico,False,nacional,,,
5002100,MS,Centro-Oeste,Bela Vista,21613,pequeno_II,geo_hidrologico,False,nacional,,,
5003108,MS,Centro-Oeste,Corguinho,4783,pequeno_I,,True,nacional,,,
5003306,MS,Centro-Oeste,Coxim,32151,pequeno_II,geo_hidrologico,False,nacional,,,
5003454,MS,Centro-Oeste,Deodápolis,13663,pequeno_I,geo_hidrologico,False,nacional,,,
5003488,MS,Centro-Oeste,Dois Irmãos do Buriti,11100,pequeno_I,,True,nacional,,,
5004809,MS,Centro-Oeste,Japorã,8148,pequeno_I,,True,nacional,,,
5005608,MS,Centro-Oeste,Miranda,25536,pequeno_II,geo_hidrologico,False,nacional,decreto,resposta,
5006200,MS,Centro-Oeste,Nova Andradina,48563,pequeno_II,,True,nacional,,,
5006259,MS,Centro-Oeste,Novo Horizonte do Sul,4721,pequeno_I,,True,nacional,,,
5006606,MS,Centro-Oeste,Ponta Porã,92017,medio,geo_hidrologico,False,nacional,,,
5008305,MS,Centro-Oeste,Três Lagoas,132152,grande,geo_hidrologico,False,nacional,,,
5100201,MT,Centro-Oeste,Água Boa,29219,pequeno_II,geo_hidrologico,False,nacional,,,
5105101,MT,Centro-Oeste,Juara,34906,pequeno_II,geo_hidrologico,False,nacional,,,
5106216,MT,Centro-Oeste,Nova Canaã do Norte,11707,pequeno_I,geo_hidrologico,False,nacional,,,
5106281,MT,Centro-Oeste,Novo São Joaquim,6919,pequeno_I,,True,nacional,,,
5106455,MT,Centro-Oeste,Planalto da Serra,3166,pequeno_I,,True,nacional,,,
5107040,MT,Centro-Oeste,Primavera do Leste,85146,medio,,True,nacional,,,
5107198,MT,Centro-Oeste,Ribeirãozinho,2593,pequeno_I,,True,nacional,,,
5107206,MT,Centro-Oeste,Rio Branco,4535,pequeno_I,,True,nacional,,,
5107602,MT,Centro-Oeste,Rondonópolis,244897,grande,,True,nacional,,,
5107776,MT,Centro-Oeste,Santa Terezinha,7596,pequeno_I,geo_hidrologico,False,nacional,,,
5107859,MT,Centro-Oeste,São Félix do Araguaia,13612,pequeno_I,geo_hidrologico,False,nacional,,,
5108501,MT,Centro-Oeste,Vera,12800,pequeno_I,,True,nacional,,,
1500503,PA,Norte,Almeirim,34280,pequeno_II,geo_hidrologico,False,nacional,,,
1500909,PA,Norte,Augusto Corrêa,44573,pequeno_II,,True,nacional,,,
1501303,PA,Norte,Barcarena,126650,grande,geo_hidrologico,False,nacional,,,
1501451,PA,Norte,Belterra,18099,pequeno_I,geo_hidrologico,False,nacional,,,
1502806,PA,Norte,Curralinho,33903,pequeno_II,,True,nacional,,,
1503457,PA,Norte,Ipixuna do Pará,30329,pequeno_II,geo_hidrologico,False,nacional,,,
1505601,PA,Norte,Peixe-Boi,8285,pequeno_I,,True,nacional,,,
1506138,PA,Norte,Redenção,85597,medio,geo_hidrologico,False,nacional,,,
1506203,PA,Norte,Salinópolis,44772,pequeno_II,geo_hidrologico,False,nacional,decreto,resposta,
1506401,PA,Norte,Santa Cruz do Arari,7445,pequeno_I,geo_hidrologico,False,nacional,,,
1507706,PA,Norte,São Sebastião da Boa Vista,25643,pequeno_II,,True,nacional,,,
1508407,PA,Norte,Xinguara,52893,medio,,True,nacional,,,
2502706,PB,Nordeste,Borborema,4214,pequeno_I,,True,nacional,,,
2503209,PB,Nordeste,Cabedelo,66519,medio,geo_hidrologico,False,nacional,,,
2504009,PB,Nordeste,Campina Grande,419379,grande,geo_hidrologico,False,nacional,plano_elaboracao,ex_ante,
2504074,PB,Nordeste,Caraúbas,3944,pequeno_I,,True,nacional,,,True
2504108,PB,Nordeste,Carrapateira,2312,pequeno_I,,True,nacional,,,
2506905,PB,Nordeste,Itabaiana,23182,pequeno_II,geo_hidrologico,False,nacional,,,
2508604,PB,Nordeste,Lucena,12560,pequeno_I,geo_hidrologico,False,nacional,,,
2513851,PB,Nordeste,Santo André,2622,pequeno_I,,True,nacional,decreto,resposta,
2514701,PB,Nordeste,São José do Sabugi,4138,pequeno_I,,True,nacional,decreto,resposta,
2515104,PB,Nordeste,São Sebastião de Lagoa de Roça,11040,pequeno_I,,True,nacional,,,
2516300,PB,Nordeste,Sumé,17166,pequeno_I,,True,nacional,,,
2516706,PB,Nordeste,Teixeira,14631,pequeno_I,,True,nacional,,,
2601607,PE,Nordeste,Belém do São Francisco,18301,pequeno_I,,True,nacional,,,
2605202,PE,Nordeste,Escada,59836,medio,geo_hidrologico,False,nacional,,,
2606002,PE,Nordeste,Garanhuns,142506,grande,geo_hidrologico,False,nacional,,,
2606309,PE,Nordeste,Granito,6967,pequeno_I,geo_hidrologico,False,nacional,,,
2606903,PE,Nordeste,Iguaracy,11082,pequeno_I,,True,nacional,,,
2607752,PE,Nordeste,Itapissuma,27749,pequeno_II,,True,nacional,,,
2608206,PE,Nordeste,Joaquim Nabuco,13269,pequeno_I,geo_hidrologico,False,nacional,,,
2609154,PE,Nordeste,Manari,23763,pequeno_II,,True,nacional,,,
2613107,PE,Nordeste,São Caetano,37126,pequeno_II,geo_hidrologico,False,nacional,,,
2613404,PE,Nordeste,São José da Coroa Grande,18825,pequeno_I,geo_hidrologico,False,nacional,,,
2615409,PE,Nordeste,Toritama,41137,pequeno_II,,True,nacional,,,
2616183,PE,Nordeste,Vertente do Lério,7558,pequeno_I,,True,nacional,,,
2200301,PI,Nordeste,Alto Longá,13479,pequeno_I,geo_hidrologico,False,nacional,,,
2202026,PI,Nordeste,Buriti dos Montes,7434,pequeno_I,,True,nacional,,,
2203503,PI,Nordeste,Elesbão Veloso,13607,pequeno_I,,True,nacional,,,
2204204,PI,Nordeste,Francisco Santos,8237,pequeno_I,,True,nacional,,,
2204550,PI,Nordeste,Guaribas,4276,pequeno_I,,True,nacional,,,
2204600,PI,Nordeste,Hugo Napoleão,3518,pequeno_I,,True,nacional,,,
2206100,PI,Nordeste,Matias Olímpio,10641,pequeno_I,geo_hidrologico,False,nacional,,,
2207009,PI,Nordeste,Oeiras,38161,pequeno_II,,True,nacional,,,
2207702,PI,Nordeste,Parnaíba,162159,grande,geo_hidrologico,False,nacional,,,
2208007,PI,Nordeste,Picos,83090,medio,geo_hidrologico,False,nacional,,,
2210359,PI,Nordeste,São Lourenço do Piauí,4410,pequeno_I,,True,nacional,,,
2210805,PI,Nordeste,Simplício Mendes,13881,pequeno_I,,True,nacional,,,
4100301,PR,Sul,Agudos do Sul,10233,pequeno_I,,True,nacional,,,
4102604,PR,Sul,Barracão,9759,pequeno_I,geo_hidrologico,False,nacional,,,
4107256,PR,Sul,Douradina,9161,pequeno_I,,True,nacional,,,
4109906,PR,Sul,Icaraíma,8991,pequeno_I,,True,nacional,,,
4110102,PR,Sul,Imbituva,29924,pequeno_II,geo_hidrologico,False,nacional,,,
4111902,PR,Sul,Jaguapitã,15122,pequeno_I,geo_hidrologico,False,nacional,,,
4114807,PR,Sul,Marialva,41851,pequeno_II,,True,nacional,,,
4118402,PR,Sul,Paranavaí,91950,medio,geo_hidrologico,False,nacional,,,
4121000,PR,Sul,Querência do Norte,10685,pequeno_I,geo_hidrologico,False,nacional,,,
4122156,PR,Sul,Rio Bonito do Iguaçu,13929,pequeno_I,,True,nacional,,,
4123303,PR,Sul,Santa Cruz de Monte Castelo,8613,pequeno_I,,True,nacional,,,
4125506,PR,Sul,São José dos Pinhais,329222,grande,geo_hidrologico,False,nacional,plano_elaboracao,ex_ante,
3300233,RJ,Sudeste,Armação dos Búzios,40006,pequeno_II,,True,nacional,,,
3300407,RJ,Sudeste,Barra Mansa,169899,grande,geo_hidrologico,False,nacional,,,
3301207,RJ,Sudeste,Carmo,17198,pequeno_I,,True,nacional,,,
3302858,RJ,Sudeste,Mesquita,167128,grande,geo_hidrologico,False,nacional,,,
3303609,RJ,Sudeste,Paracambi,41375,pequeno_II,geo_hidrologico,False,nacional,,,
3304144,RJ,Sudeste,Queimados,140523,grande,geo_hidrologico,False,nacional,,,
3304755,RJ,Sudeste,São Francisco de Itabapoana,45059,pequeno_II,geo_hidrologico,False,nacional,,,
3304904,RJ,Sudeste,São Gonçalo,896744,grande,geo_hidrologico,False,nacional,plano,ex_ante,
3305133,RJ,Sudeste,São José de Ubá,7070,pequeno_I,,True,nacional,,,
3305901,RJ,Sudeste,Trajano de Moraes,10302,pequeno_I,geo_hidrologico,False,nacional,,,
3306107,RJ,Sudeste,Valença,67753,medio,geo_hidrologico,False,nacional,,,
3306206,RJ,Sudeste,Vassouras,33976,pequeno_II,,True,nacional,,,
2400604,RN,Nordeste,Almino Afonso,4687,pequeno_I,,True,nacional,,,
2402600,RN,Nordeste,Ceará-Mirim,79115,medio,geo_hidrologico,False,nacional,,,
2403905,RN,Nordeste,Francisco Dantas,2700,pequeno_I,,True,nacional,,,
2404853,RN,Nordeste,Itajá,7292,pequeno_I,,True,nacional,,,
2405702,RN,Nordeste,Jardim do Seridó,11655,pequeno_I,,True,nacional,,,
2405801,RN,Nordeste,João Câmara,33290,pequeno_II,geo_hidrologico,False,nacional,,,
2406007,RN,Nordeste,José da Penha,5803,pequeno_I,,True,nacional,,,
2407500,RN,Nordeste,Maxaranguape,10255,pequeno_I,,True,nacional,,,True
2408003,RN,Nordeste,Mossoró,264577,grande,geo_hidrologico,False,nacional,nao_verificado,,
2412708,RN,Nordeste,São Pedro,5776,pequeno_I,,True,nacional,,,
2414753,RN,Nordeste,Venha-Ver,3014,pequeno_I,geo_hidrologico,False,nacional,,,
2414902,RN,Nordeste,Viçosa,1822,pequeno_I,,True,nacional,,,
1100015,RO,Norte,Alta Floresta D'Oeste,21495,pequeno_II,,True,nacional,,,
1100122,RO,Norte,Ji-Paraná,124333,grande,geo_hidrologico,False,nacional,,,
1100148,RO,Norte,Nova Brasilândia D'Oeste,15679,pequeno_I,,True,nacional,,,
1100288,RO,Norte,Rolim de Moura,56406,medio,geo_hidrologico,False,nacional,,,
1100296,RO,Norte,Santa Luzia D'Oeste,7419,pequeno_I,,True,nacional,,,
1100403,RO,Norte,Alto Paraíso,16320,pequeno_I,,True,nacional,,,
1100601,RO,Norte,Cacaulândia,4150,pequeno_I,,True,nacional,,,
1100809,RO,Norte,Candeias do Jamari,22238,pequeno_II,geo_hidrologico,False,nacional,,,
1100924,RO,Norte,Chupinguaia,9324,pequeno_I,,True,nacional,,,
1101435,RO,Norte,Nova União,6200,pequeno_I,,True,nacional,,,
1101450,RO,Norte,Parecis,4125,pequeno_I,,True,nacional,,,
1101807,RO,Norte,Vale do Paraíso,6479,pequeno_I,,True,nacional,,,
1400027,RR,Norte,Amajari,13927,pequeno_I,geo_hidrologico,False,nacional,decreto,resposta,
1400050,RR,Norte,Alto Alegre,21066,pequeno_II,,True,nacional,decreto,resposta,
1400159,RR,Norte,Bonfim,13897,pequeno_I,,True,nacional,plano_elaboracao,ex_ante,
1400175,RR,Norte,Cantá,18682,pequeno_I,,True,nacional,,,
1400209,RR,Norte,Caracaraí,20957,pequeno_II,geo_hidrologico,False,nacional,,,
1400233,RR,Norte,Caroebe,10656,pequeno_I,,True,nacional,,,
1400282,RR,Norte,Iracema,10023,pequeno_I,,True,nacional,decreto,resposta,
1400407,RR,Norte,Normandia,13669,pequeno_I,,True,nacional,decreto,resposta,
1400472,RR,Norte,Rorainópolis,32647,pequeno_II,,True,nacional,decreto,resposta,
1400506,RR,Norte,São João da Baliza,8858,pequeno_I,,True,nacional,,,
1400605,RR,Norte,São Luiz,7315,pequeno_I,,True,nacional,decreto,resposta,
1400704,RR,Norte,Uiramutã,13751,pequeno_I,geo_hidrologico,False,nacional,decreto,resposta,
4302006,RS,Sul,Barros Cassal,9296,pequeno_I,geo_hidrologico,False,nacional,,,
4303509,RS,Sul,Camaquã,62200,medio,geo_hidrologico,False,nacional,,,
4304697,RS,Sul,Capitão,2917,pequeno_I,,True,nacional,,,
4307302,RS,Sul,Erval Seco,6787,pequeno_I,geo_hidrologico,False,nacional,,,
4311254,RS,Sul,Lagoão,5341,pequeno_I,,True,nacional,,,
4313375,RS,Sul,Nova Santa Rita,29024,pequeno_II,geo_hidrologico,False,nacional,,,
4315008,RS,Sul,Porto Lucena,4360,pequeno_I,geo_hidrologico,False,nacional,,,True
4320909,RS,Sul,Tapejara,24557,pequeno_II,,True,nacional,,,
4321832,RS,Sul,Três Forquilhas,2760,pequeno_I,geo_hidrologico,False,nacional,,,
4322558,RS,Sul,Vanini,2004,pequeno_I,,True,nacional,,,
4323002,RS,Sul,Viamão,224116,grande,geo_hidrologico,False,nacional,,,
4323705,RS,Sul,Vista Gaúcha,2783,pequeno_I,,True,nacional,,,
4201109,SC,Sul,Anitápolis,3593,pequeno_I,geo_hidrologico,False,nacional,,,
4202909,SC,Sul,Brusque,141385,grande,geo_hidrologico,False,nacional,plano,ex_ante,
4203402,SC,Sul,Campo Belo do Sul,7257,pequeno_I,,True,nacional,,,
4204806,SC,Sul,Curitibanos,40045,pequeno_II,geo_hidrologico,False,nacional,,,
4205555,SC,Sul,Frei Rogério,2411,pequeno_I,,True,nacional,,,
4205605,SC,Sul,Galvão,3219,pequeno_I,,True,nacional,,,
4207684,SC,Sul,Ipuaçu,7501,pequeno_I,,True,nacional,,,
4208104,SC,Sul,Itaiópolis,22051,pequeno_II,geo_hidrologico,False,nacional,,,
4208708,SC,Sul,Jacinto Machado,10624,pequeno_I,geo_hidrologico,False,nacional,,,
4213401,SC,Sul,Ponte Serrada,10649,pequeno_I,geo_hidrologico,False,nacional,,,
4213906,SC,Sul,Presidente Castello Branco,1689,pequeno_I,,True,nacional,,,
4218004,SC,Sul,Tijucas,51592,medio,geo_hidrologico,False,nacional,,,
2802403,SE,Nordeste,Gararu,11096,pequeno_I,,True,nacional,,,
2803500,SE,Nordeste,Lagarto,101579,grande,,True,nacional,plano,ex_ante,
2803906,SE,Nordeste,Malhador,11533,pequeno_I,,True,nacional,,,
2804003,SE,Nordeste,Maruim,15719,pequeno_I,geo_hidrologico,False,nacional,plano,ex_ante,
2804102,SE,Nordeste,Moita Bonita,11050,pequeno_I,,True,nacional,,,
2804201,SE,Nordeste,Monte Alegre de Sergipe,14336,pequeno_I,geo_hidrologico,False,nacional,decreto,resposta,
2804607,SE,Nordeste,Nossa Senhora das Dores,24996,pequeno_II,,True,nacional,,,
2805000,SE,Nordeste,Pedra Mole,2778,pequeno_I,,True,nacional,,,
2805604,SE,Nordeste,Porto da Folha,26576,pequeno_II,,True,nacional,decreto,resposta,
2805703,SE,Nordeste,Propriá,26618,pequeno_II,,True,nacional,,,
2806107,SE,Nordeste,Rosário do Catete,9295,pequeno_I,,True,nacional,,,
2806701,SE,Nordeste,São Cristóvão,95612,medio,geo_hidrologico,False,nacional,plano_antigo,ex_ante,
3502507,SP,Sudeste,Aparecida,32569,pequeno_II,geo_hidrologico,False,nacional,,,
3504008,SP,Sudeste,Assis,101409,grande,geo_hidrologico,False,nacional,,,
3509502,SP,Sudeste,Campinas,1138309,metropole,geo_hidrologico,False,nacional,nao_verificado,,
3510708,SP,Sudeste,Cardoso,11345,pequeno_I,,True,nacional,,,
3510906,SP,Sudeste,Cássia dos Coqueiros,2799,pequeno_I,,True,nacional,,,
3511508,SP,Sudeste,Cerquilho,44695,pequeno_II,,True,nacional,,,
3518008,SP,Sudeste,Guarani d'Oeste,1968,pequeno_I,,True,nacional,,,
3522653,SP,Sudeste,Itapirapuã Paulista,4306,pequeno_I,geo_hidrologico,False,nacional,,,
3543600,SP,Sudeste,Rifaina,4049,pequeno_I,,True,nacional,,,
3545100,SP,Sudeste,Salmourão,4808,pequeno_I,,True,nacional,,,
3547908,SP,Sudeste,Santo Antônio da Alegria,6775,pequeno_I,,True,nacional,,,
3557105,SP,Sudeste,Votuporanga,96634,medio,,True,nacional,,,
1702109,TO,Norte,Araguaína,171301,grande,geo_hidrologico,False,nacional,,,
1702208,TO,Norte,Araguatins,31918,pequeno_II,geo_hidrologico,False,nacional,,,
1703800,TO,Norte,Buriti do Tocantins,10307,pequeno_I,,True,nacional,,,
1703891,TO,Norte,Carrasco Bonito,3318,pequeno_I,geo_hidrologico,False,nacional,,,
1705102,TO,Norte,Chapada da Natividade,3117,pequeno_I,,True,nacional,,,
1706100,TO,Norte,Cristalândia,6371,pequeno_I,,True,nacional,,,
1708304,TO,Norte,Goianorte,4738,pequeno_I,,True,nacional,,,
1709500,TO,Norte,Gurupi,85126,medio,,True,nacional,,,
1715705,TO,Norte,Palmeirante,4798,pequeno_I,,True,nacional,,,
1717206,TO,Norte,Piraquê,2282,pequeno_I,,True,nacional,,,
1720150,TO,Norte,São Félix do Tocantins,1783,pequeno_I,,True,nacional,,,
1720259,TO,Norte,São Salvador do Tocantins,2385,pequeno_I,,True,nacional,,,
